Geo,LdvFwyDvmtProp,LdvArtDvmtProp,LdvOthDvmtProp,HvyTrkFwyDvmtProp,HvyTrkArtDvmtProp,HvyTrkOthDvmtProp,BusFwyDvmtProp,BusArtDvmtProp,BusOthDvmtProp
Albany,0.3972,0.4295,0.1733,0.452028198,0.398645294,0.149326508,0.111,0.593,0.296
Bend,0,0.7207,0.2793,0.452028198,0.398645294,0.149326508,0.028,0.648,0.324
Corvallis,0,0.7187,0.2813,0.452028198,0.398645294,0.149326508,0.025,0.650,0.325
EugeneSpringfield,0.3773,0.4163,0.2064,0.452028198,0.398645294,0.149326508,0.031,0.646,0.323
GrantsPass,0.4928,0.3068,0.2004,0.452028198,0.398645294,0.149326508,0.084,0.611,0.305
RogueValley,0.2933,0.4461,0.2606,0.452028198,0.398645294,0.149326508,0.050,0.633,0.317
Metro,0.3774,0.3999,0.2227,0.452028198,0.398645294,0.149326508,0.027,0.649,0.324
SalemKeizer,0.3758,0.4787,0.1455,0.452028198,0.398645294,0.149326508,0.035,0.643,0.322
None,0.2973,0.4307,0.272,0.452028198,0.398645294,0.149326508,0.85,0.1,0.05
